Series Name,Series Code,Country Name,Country Code,2001 [YR2001],2002 [YR2002],2003 [YR2003],2004 [YR2004],2005 [YR2005],2006 [YR2006],2007 [YR2007],2008 [YR2008],2009 [YR2009],2010 [YR2010],2011 [YR2011],2012 [YR2012],2013 [YR2013],2014 [YR2014],2015 [YR2015],2016 [YR2016],2017 [YR2017],2018 [YR2018],2019 [YR2019],2020 [YR2020]
"GNI per capita, PPP (current international $)",NY.GNP.PCAP.PP.CD,Afghanistan,AFG,..,..,..,..,..,..,..,..,1520,1710,1700,1920,2020,2070,2110,2150,2230,2260,2330,..
"GNI per capita, PPP (current international $)",NY.GNP.PCAP.PP.CD,Albania,ALB,4460,4800,5150,5560,5990,6750,7480,8260,8680,9540,10210,10450,10750,11360,11800,12200,13070,13820,14350,..
"GNI per capita, PPP (current international $)",NY.GNP.PCAP.PP.CD,Algeria,DZA,8520,8940,9660,10160,10840,11310,12130,12550,12600,13060,13360,13060,12780,12710,11700,11510,11370,11450,11530,..
"GNI per capita, PPP (current international $)",NY.GNP.PCAP.PP.CD,American Samoa,ASM,..,..,..,..,..,..,..,..,..,..,..,..,..,..,..,..,..,..,..,..
"GNI per capita, PPP (current international $)",NY.GNP.PCAP.PP.CD,Andorra,AND,..,..,..,..,..,..,..,..,..,..,..,..,..,..,..,..,..,..,..,..
"GNI per capita, PPP (current international $)",NY.GNP.PCAP.PP.CD,Angola,AGO,2890,3370,3450,3760,4290,4710,5320,5560,5820,5950,6130,6810,7130,7680,6960,6730,6860,6550,6390,..
"GNI per capita, PPP (current international $)",NY.GNP.PCAP.PP.CD,Antigua and Barbuda,ATG,15680,15540,16670,17800,19420,22230,24560,24510,21440,20110,19720,18950,18180,18070,17880,18410,18920,20510,21500,..
"GNI per capita, PPP (current international $)",NY.GNP.PCAP.PP.CD,Argentina,ARG,10900,9540,10580,10860,12030,14460,16130,16970,15830,17440,18770,19150,19650,19250,19700,19860,22960,22450,22060,..
"GNI per capita, PPP (current international $)",NY.GNP.PCAP.PP.CD,Armenia,ARM,3090,3580,4180,4810,5680,6720,7960,8790,7530,7880,8310,9740,10440,10490,10370,10950,12540,13180,14460,..
"GNI per capita, PPP (current international $)",NY.GNP.PCAP.PP.CD,Aruba,ABW,30140,27760,29550,31950,27060,33630,31230,35670,32360,30710,31000,32030,34260,35090,35190,35660,36300,..,..,..
"GNI per capita, PPP (current international $)",NY.GNP.PCAP.PP.CD,Australia,AUS,26590,27940,28890,30410,31360,32950,34920,35930,38890,37770,40280,41520,44760,45650,45330,46230,47580,49440,51560,..
"GNI per capita, PPP (current international $)",NY.GNP.PCAP.PP.CD,Austria,AUT,29310,31000,32030,33700,34940,37700,39350,41660,40940,42390,44600,46500,48050,48860,49390,52630,54150,56720,59060,..
"GNI per capita, PPP (current international $)",NY.GNP.PCAP.PP.CD,Azerbaijan,AZE,3590,3970,4430,4820,6000,8190,10120,11780,13120,13950,13710,14980,16230,16850,14370,13430,13510,13790,14360,..
"GNI per capita, PPP (current international $)",NY.GNP.PCAP.PP.CD,"Bahamas, The",BHS,28270,29110,28860,29410,30690,31710,32400,32190,30300,30460,30940,31880,31750,31260,32390,32920,34260,34340,35760,..
"GNI per capita, PPP (current international $)",NY.GNP.PCAP.PP.CD,Bahrain,BHR,40590,39640,40950,42250,44230,45240,46880,46130,41630,42550,41180,49020,49600,48600,43140,42300,44970,44720,44140,..
"GNI per capita, PPP (current international $)",NY.GNP.PCAP.PP.CD,Bangladesh,BGD,1450,1510,1590,1690,1830,2010,2200,2380,2490,2640,2830,3190,3400,3590,3790,4070,4340,4750,5190,..
"GNI per capita, PPP (current international $)",NY.GNP.PCAP.PP.CD,Barbados,BRB,12180,12390,12810,13400,14140,15120,16140,16310,15680,15730,15250,14740,14700,14540,14810,15220,15080,15320,15730,..
"GNI per capita, PPP (current international $)",NY.GNP.PCAP.PP.CD,Belarus,BLR,6220,6690,7370,8490,9630,10970,12220,13780,13830,15050,16170,17660,18260,18360,17240,16900,17580,18640,19340,..
"GNI per capita, PPP (current international $)",NY.GNP.PCAP.PP.CD,Belgium,BEL,29340,30810,31490,32480,33590,35720,37260,38800,38490,40480,41010,43270,44750,45870,46870,49090,51320,52620,54730,..
"GNI per capita, PPP (current international $)",NY.GNP.PCAP.PP.CD,Belize,BLZ,5320,5530,5880,6030,6220,6550,6430,6630,6930,6800,7170,6700,6680,6560,6840,6740,6510,6580,6630,..
"GNI per capita, PPP (current international $)",NY.GNP.PCAP.PP.CD,Benin,BEN,1830,1880,1920,2000,2050,2130,2250,2350,2350,2350,2410,2480,2650,2820,2860,2980,3010,3200,3390,..
"GNI per capita, PPP (current international $)",NY.GNP.PCAP.PP.CD,Bermuda,BMU,..,..,..,..,..,..,84100,83750,76640,77120,76250,74050,75620,..,..,..,..,..,..,..
"GNI per capita, PPP (current international $)",NY.GNP.PCAP.PP.CD,Bhutan,BTN,2920,3180,3400,3640,4000,4390,5230,5450,5730,6310,6830,7280,7430,8050,8820,9560,10170,10570,..,..
"GNI per capita, PPP (current international $)",NY.GNP.PCAP.PP.CD,Bolivia,BOL,3410,3490,3540,3690,3930,4180,4400,4710,4790,4940,5200,5570,6210,6690,6890,7360,8190,8650,8910,..
"GNI per capita, PPP (current international $)",NY.GNP.PCAP.PP.CD,Bosnia and Herzegovina,BIH,5190,5530,5720,6500,6750,7630,8430,9360,9390,9510,10060,10380,11160,11530,12100,13010,13740,14890,15770,..
"GNI per capita, PPP (current international $)",NY.GNP.PCAP.PP.CD,Botswana,BWA,8610,8150,8860,9060,9830,10850,11920,12630,12080,12680,13940,13390,14070,15830,15060,15860,15980,16680,17110,..
"GNI per capita, PPP (current international $)",NY.GNP.PCAP.PP.CD,Brazil,BRA,8960,9250,9420,10140,10670,11350,12280,12990,12980,13860,14650,14670,15370,15430,14470,13950,14250,14520,14850,..
"GNI per capita, PPP (current international $)",NY.GNP.PCAP.PP.CD,British Virgin Islands,VGB,..,..,..,..,..,..,..,..,..,..,..,..,..,..,..,..,..,..,..,..
"GNI per capita, PPP (current international $)",NY.GNP.PCAP.PP.CD,Brunei Darussalam,BRN,68350,70720,72760,73810,75210,79770,81430,80340,78680,79690,81680,86130,82860,81300,65690,60420,64620,62200,66410,..
"GNI per capita, PPP (current international $)",NY.GNP.PCAP.PP.CD,Bulgaria,BGR,6970,7950,8540,9300,10320,11110,11860,13650,13730,14560,15170,16020,16220,17400,17770,19270,20850,22810,23880,..
"GNI per capita, PPP (current international $)",NY.GNP.PCAP.PP.CD,Burkina Faso,BFA,..,..,..,..,..,..,..,..,..,..,..,..,..,..,1640,1770,1980,2120,2220,..
"GNI per capita, PPP (current international $)",NY.GNP.PCAP.PP.CD,Burundi,BDI,530,550,530,550,560,590,610,630,640,660,680,690,740,780,840,800,770,780,780,..
"GNI per capita, PPP (current international $)",NY.GNP.PCAP.PP.CD,Cabo Verde,CPV,3080,3200,3360,3740,4010,4380,5210,5560,5470,5440,5730,5570,5590,5460,5770,6100,6410,6860,7310,..
"GNI per capita, PPP (current international $)",NY.GNP.PCAP.PP.CD,Cambodia,KHM,1120,1180,1290,1440,1640,1850,2080,2220,2200,2320,2490,2720,2920,3020,3180,3450,3680,3970,4180,..
"GNI per capita, PPP (current international $)",NY.GNP.PCAP.PP.CD,Cameroon,CMR,1880,1960,2080,2250,2290,2410,2500,2590,2620,2650,2750,2810,2950,3160,3210,3350,3490,3610,3730,..
"GNI per capita, PPP (current international $)",NY.GNP.PCAP.PP.CD,Canada,CAN,29360,30180,31540,33180,35580,37500,38970,39780,38220,39320,40880,41540,43620,45010,43990,45910,48070,49430,50810,..
"GNI per capita, PPP (current international $)",NY.GNP.PCAP.PP.CD,Cayman Islands,CYM,..,..,..,..,..,..,..,..,..,59910,61840,42520,37500,36380,38100,39910,41640,..,..,..
"GNI per capita, PPP (current international $)",NY.GNP.PCAP.PP.CD,Central African Republic,CAF,700,720,680,720,740,780,830,840,910,960,1020,1110,750,730,800,860,960,1030,1060,..
"GNI per capita, PPP (current international $)",NY.GNP.PCAP.PP.CD,Chad,TCD,830,870,840,1120,1310,1300,1370,1350,1570,1760,1750,1690,1500,1600,1760,1630,1570,1590,1620,..
"GNI per capita, PPP (current international $)",NY.GNP.PCAP.PP.CD,Channel Islands,CHI,..,..,..,..,..,..,..,..,..,..,..,..,..,..,..,..,..,..,..,..
"GNI per capita, PPP (current international $)",NY.GNP.PCAP.PP.CD,Chile,CHL,9640,9930,10180,10840,11640,13840,15050,15220,15060,16880,19110,20490,21300,21910,22000,22000,22690,23700,24140,..
"GNI per capita, PPP (current international $)",NY.GNP.PCAP.PP.CD,China,CHN,3160,3500,3910,4410,5020,5830,6830,7620,8290,9210,10200,11170,11830,12570,12930,13520,14330,15550,16740,..
"GNI per capita, PPP (current international $)",NY.GNP.PCAP.PP.CD,Colombia,COL,6670,6830,7070,7540,8120,8800,9490,9830,9940,10340,11110,11560,12280,12910,13080,13800,14050,14590,15150,..
"GNI per capita, PPP (current international $)",NY.GNP.PCAP.PP.CD,Comoros,COM,1840,1860,1890,1930,2000,2070,2100,2160,2190,2250,2340,2510,2640,2720,2720,2880,3050,3160,3220,..
"GNI per capita, PPP (current international $)",NY.GNP.PCAP.PP.CD,"Congo, Dem. Rep.",COD,410,430,450,470,500,530,550,560,580,610,640,630,690,780,840,940,1030,1080,1110,..
"GNI per capita, PPP (current international $)",NY.GNP.PCAP.PP.CD,"Congo, Rep.",COG,2500,2640,2690,2560,2690,2840,2890,3230,3330,3670,3720,3770,3740,3890,3300,3150,3130,3090,3060,..
"GNI per capita, PPP (current international $)",NY.GNP.PCAP.PP.CD,Costa Rica,CRI,7770,8020,8380,8890,9430,10360,11400,12080,11730,12310,12930,13640,14100,14960,15860,17230,18160,18790,19250,..
"GNI per capita, PPP (current international $)",NY.GNP.PCAP.PP.CD,Cote d'Ivoire,CIV,2030,1960,1870,2000,2210,2260,2310,2370,2410,2430,2310,2540,2700,3050,4550,4620,4690,4980,5290,..
"GNI per capita, PPP (current international $)",NY.GNP.PCAP.PP.CD,Croatia,HRV,11370,12430,13100,14280,14940,16980,18910,20100,19270,19100,20060,20420,21330,21600,22870,23980,26200,27630,29520,..
"GNI per capita, PPP (current international $)",NY.GNP.PCAP.PP.CD,Cuba,CUB,..,..,..,..,..,..,..,..,..,..,..,..,..,..,..,..,..,..,..,..
"GNI per capita, PPP (current international $)",NY.GNP.PCAP.PP.CD,Curacao,CUW,..,..,..,..,25350,25930,26750,26940,26440,26790,27060,25800,25470,25120,25070,24680,25690,25860,..,..
"GNI per capita, PPP (current international $)",NY.GNP.PCAP.PP.CD,Cyprus,CYP,21240,22340,23260,24460,26320,28320,30740,34260,33820,32970,34190,31610,30020,29240,31510,33970,36620,38340,39830,..
"GNI per capita, PPP (current international $)",NY.GNP.PCAP.PP.CD,Czech Republic,CZE,17080,17560,18780,19840,20970,22330,24450,26040,25670,25640,26620,27250,28670,30090,31420,33550,36120,38180,40660,..
"GNI per capita, PPP (current international $)",NY.GNP.PCAP.PP.CD,Denmark,DNK,29020,30260,30510,32950,34430,37740,39160,41740,40770,43740,45340,45820,48210,49640,50560,53250,56230,58700,61410,..
"GNI per capita, PPP (current international $)",NY.GNP.PCAP.PP.CD,Djibouti,DJI,..,..,..,..,..,..,..,..,..,..,..,..,4210,4490,4850,4950,5100,5520,5980,..
"GNI per capita, PPP (current international $)",NY.GNP.PCAP.PP.CD,Dominica,DMA,6160,6000,6510,6780,7100,7980,8630,9490,9570,9830,9980,9570,9860,10560,10690,11630,11050,11830,12460,..
"GNI per capita, PPP (current international $)",NY.GNP.PCAP.PP.CD,Dominican Republic,DOM,6680,6990,6770,6920,7920,8830,9600,10110,10160,11000,11410,11430,11890,12820,14130,15420,15940,17310,18280,..
"GNI per capita, PPP (current international $)",NY.GNP.PCAP.PP.CD,Ecuador,ECU,5790,6050,6210,6760,7270,7720,7970,8640,8640,8950,9700,10160,10990,11540,10870,10830,11360,11520,11500,..
"GNI per capita, PPP (current international $)",NY.GNP.PCAP.PP.CD,"Egypt, Arab Rep.",EGY,6050,6190,6370,6690,7010,7640,8290,8890,9140,9330,9550,10820,10970,10640,11310,11040,10800,11340,11810,..
"GNI per capita, PPP (current international $)",NY.GNP.PCAP.PP.CD,El Salvador,SLV,4460,4550,4650,4790,5050,5440,5670,5930,5770,5950,6270,6280,6570,6900,7240,7620,7980,8320,8700,..
"GNI per capita, PPP (current international $)",NY.GNP.PCAP.PP.CD,Equatorial Guinea,GNQ,6420,8230,7840,9850,14200,23340,26790,28460,24770,19350,22180,24910,23770,22910,18130,15850,16600,15740,14600,..
"GNI per capita, PPP (current international $)",NY.GNP.PCAP.PP.CD,Eritrea,ERI,1630,1630,1540,1530,1560,1550,1570,1410,1450,1470,1610,..,..,..,..,..,..,..,..,..
"GNI per capita, PPP (current international $)",NY.GNP.PCAP.PP.CD,Estonia,EST,9810,11050,12360,13710,15870,18250,20450,21640,19990,20650,23530,25110,26980,28310,28750,30530,33020,35680,38010,..
"GNI per capita, PPP (current international $)",NY.GNP.PCAP.PP.CD,Eswatini,SWZ,5160,5110,5280,5710,6560,6770,7270,7320,7300,7380,8010,8230,8790,8820,8930,8290,8000,8070,7940,..
"GNI per capita, PPP (current international $)",NY.GNP.PCAP.PP.CD,Ethiopia,ETH,520,520,500,570,640,710,790,870,930,1020,1130,1210,1280,1510,1650,1870,2010,2140,2300,..
"GNI per capita, PPP (current international $)",NY.GNP.PCAP.PP.CD,Faroe Islands,FRO,..,..,..,..,..,..,..,..,..,..,..,..,..,..,..,..,..,..,..,..
"GNI per capita, PPP (current international $)",NY.GNP.PCAP.PP.CD,Fiji,FJI,6010,6400,6520,7040,7380,7280,7460,7590,7620,7670,8010,8510,9350,10820,11870,12100,12610,13170,13260,..
"GNI per capita, PPP (current international $)",NY.GNP.PCAP.PP.CD,Finland,FIN,27800,28690,28850,31390,32190,34730,37910,40150,38480,39490,41070,41060,41660,42180,42930,45160,47490,49550,51210,..
"GNI per capita, PPP (current international $)",NY.GNP.PCAP.PP.CD,France,FRA,28000,28820,28520,29440,31020,33080,34760,35860,35510,36760,38440,38500,40410,41010,41740,43830,45850,47500,50390,..
"GNI per capita, PPP (current international $)",NY.GNP.PCAP.PP.CD,French Polynesia,PYF,..,..,..,..,..,..,..,..,..,..,..,..,..,..,..,..,..,..,..,..
"GNI per capita, PPP (current international $)",NY.GNP.PCAP.PP.CD,Gabon,GAB,12350,12710,12640,12120,13280,12470,12960,12500,12570,12890,13490,13820,13650,14570,13480,13180,14060,14100,14420,..
"GNI per capita, PPP (current international $)",NY.GNP.PCAP.PP.CD,"Gambia, The",GMB,1900,1790,1920,2100,2050,2030,2090,2210,2300,2390,2170,2150,2080,1980,2020,2030,2030,2160,2260,..
"GNI per capita, PPP (current international $)",NY.GNP.PCAP.PP.CD,Georgia,GEO,3400,3660,4170,4610,5220,5980,6830,7100,6960,7430,8120,9720,10420,11420,11820,12260,12920,14030,15020,..
"GNI per capita, PPP (current international $)",NY.GNP.PCAP.PP.CD,Germany,DEU,28180,28870,29570,31490,32060,34700,36780,38160,37680,39760,43630,44400,46040,47950,48770,51810,54370,55980,57690,..
"GNI per capita, PPP (current international $)",NY.GNP.PCAP.PP.CD,Ghana,GHA,1810,1880,1960,2080,2220,2380,2490,2700,2780,2920,3270,3590,5150,5280,5050,4800,4860,5210,5510,..
"GNI per capita, PPP (current international $)",NY.GNP.PCAP.PP.CD,Gibraltar,GIB,..,..,..,..,..,..,..,..,..,..,..,..,..,..,..,..,..,..,..,..
"GNI per capita, PPP (current international $)",NY.GNP.PCAP.PP.CD,Greece,GRC,21120,22610,23800,25140,25620,27990,28540,29940,29710,27590,25430,25450,26070,27020,26940,27820,29150,30190,31350,..
"GNI per capita, PPP (current international $)",NY.GNP.PCAP.PP.CD,Greenland,GRL,..,..,..,..,..,..,..,..,..,..,..,..,..,..,..,..,..,..,..,..
"GNI per capita, PPP (current international $)",NY.GNP.PCAP.PP.CD,Grenada,GRD,7010,7270,8110,8030,10070,9930,10650,10960,9950,10300,10660,10690,11470,11860,12530,13650,14710,15560,16250,..
"GNI per capita, PPP (current international $)",NY.GNP.PCAP.PP.CD,Guam,GUM,..,..,..,..,..,..,..,..,..,..,..,..,..,..,..,..,..,..,..,..
"GNI per capita, PPP (current international $)",NY.GNP.PCAP.PP.CD,Guatemala,GTM,4920,5020,5130,5310,5530,5860,6260,6480,6420,6550,6810,7160,7270,7560,8000,8040,8140,8470,8850,..
"GNI per capita, PPP (current international $)",NY.GNP.PCAP.PP.CD,Guinea,GIN,1240,1320,1280,1320,1350,1460,1560,1620,1560,1640,1710,1770,1720,1750,1790,2050,2410,2410,2520,..
"GNI per capita, PPP (current international $)",NY.GNP.PCAP.PP.CD,Guinea-Bissau,GNB,1050,1060,1060,1090,1150,1190,1240,1260,1280,1330,1450,1360,1340,1430,1640,1790,1930,1990,2220,..
"GNI per capita, PPP (current international $)",NY.GNP.PCAP.PP.CD,Guyana,GUY,4190,4300,4400,4640,4730,5360,5840,5990,6250,6480,6940,7380,7830,8240,8430,8710,8780,9290,9900,..
"GNI per capita, PPP (current international $)",NY.GNP.PCAP.PP.CD,Haiti,HTI,1400,1390,1400,1360,1400,1470,1530,1550,1590,1530,1630,1600,1690,1730,1710,1770,1770,1820,1790,..
"GNI per capita, PPP (current international $)",NY.GNP.PCAP.PP.CD,Honduras,HND,2560,2620,2700,2850,3060,3280,3550,3670,3510,3570,3710,3760,3840,4090,4490,4790,5220,5350,5510,..
"GNI per capita, PPP (current international $)",NY.GNP.PCAP.PP.CD,"Hong Kong SAR, China",HKG,29490,29820,31960,35250,38260,42680,46640,49530,47250,50230,53710,52990,54710,55910,57450,58660,62450,65490,65600,..
"GNI per capita, PPP (current international $)",NY.GNP.PCAP.PP.CD,Hungary,HUN,12450,13700,14640,15240,16000,17240,17660,19330,19790,20610,21790,22180,23800,24500,25460,26990,28340,30310,32750,..
"GNI per capita, PPP (current international $)",NY.GNP.PCAP.PP.CD,Iceland,ISL,30820,32660,32400,34320,35470,36300,38750,34050,33620,32190,34550,36690,42100,43500,46480,50990,54380,55920,61170,..
"GNI per capita, PPP (current international $)",NY.GNP.PCAP.PP.CD,India,IND,2190,2270,2450,2680,2930,3210,3510,3630,3890,4190,4450,4800,4990,5170,5400,5720,6120,6580,6960,..
"GNI per capita, PPP (current international $)",NY.GNP.PCAP.PP.CD,Indonesia,IDN,4770,5040,5260,5550,5950,6420,6930,7440,7740,8280,8840,9440,9770,9930,9910,10160,10590,11310,11930,..
"GNI per capita, PPP (current international $)",NY.GNP.PCAP.PP.CD,"Iran, Islamic Rep.",IRN,10490,11310,12370,13050,13720,14710,16190,16380,16430,17390,18010,16060,15380,15280,13620,14060,14560,..,..,..
"GNI per capita, PPP (current international $)",NY.GNP.PCAP.PP.CD,Iraq,IRQ,9660,8780,5930,9150,8740,10120,10580,12200,12460,12860,13500,15240,15470,14190,10300,9810,10890,10830,11280,..
"GNI per capita, PPP (current international $)",NY.GNP.PCAP.PP.CD,Ireland,IRL,27800,29520,31240,33370,35020,38760,40430,38350,34820,36300,36370,37290,40410,43110,53080,58660,62040,66250,68050,..
"GNI per capita, PPP (current international $)",NY.GNP.PCAP.PP.CD,Isle of Man,IMN,..,..,..,..,..,..,..,..,..,..,..,..,..,..,..,..,..,..,..,..
"GNI per capita, PPP (current international $)",NY.GNP.PCAP.PP.CD,Israel,ISR,23890,24310,22960,24470,24620,25560,27420,26900,26830,28290,30130,30880,33450,34010,35130,37500,38570,40280,42140,..
"GNI per capita, PPP (current international $)",NY.GNP.PCAP.PP.CD,Italy,ITA,27960,28610,29020,29480,30180,32540,34130,35200,34610,35110,36510,36440,36250,36200,36650,40040,42010,43280,44580,..
"GNI per capita, PPP (current international $)",NY.GNP.PCAP.PP.CD,Jamaica,JAM,6220,6300,6640,6880,7100,7550,7830,7960,7530,7600,7870,8080,8240,8360,8520,8800,9320,9510,9770,..
"GNI per capita, PPP (current international $)",NY.GNP.PCAP.PP.CD,Japan,JPN,27890,28560,29380,30920,32350,33960,35540,35710,34010,35890,36790,38190,40280,40590,41950,41320,42320,42840,44780,..
"GNI per capita, PPP (current international $)",NY.GNP.PCAP.PP.CD,Jordan,JOR,6300,6580,6870,7510,8110,8720,9360,9620,9700,9310,9230,9000,9120,8950,9230,9210,9790,10040,10240,..
"GNI per capita, PPP (current international $)",NY.GNP.PCAP.PP.CD,Kazakhstan,KAZ,8540,9620,10540,11650,12580,13910,15240,15460,16030,16710,17790,19050,21900,22190,21760,21490,22160,22930,24050,..
"GNI per capita, PPP (current international $)",NY.GNP.PCAP.PP.CD,Kenya,KEN,1650,1650,1680,1760,1890,2010,2140,2140,2160,2300,2440,2520,2740,2980,3320,3580,3970,4230,4420,..
"GNI per capita, PPP (current international $)",NY.GNP.PCAP.PP.CD,Kiribati,KIR,2710,2600,2500,2400,2470,2470,2570,2560,2410,2510,2430,2780,3160,3610,4340,3940,4290,4270,4650,..
"GNI per capita, PPP (current international $)",NY.GNP.PCAP.PP.CD,"Korea, Dem. People’s Rep.",PRK,..,..,..,..,..,..,..,..,..,..,..,..,..,..,..,..,..,..,..,..
"GNI per capita, PPP (current international $)",NY.GNP.PCAP.PP.CD,"Korea, Rep.",KOR,19560,21320,22000,23740,25010,26800,28990,29950,29600,31790,32750,33910,34460,35500,38030,39710,41170,42250,43430,..
"GNI per capita, PPP (current international $)",NY.GNP.PCAP.PP.CD,Kosovo,XKX,..,..,..,5540,6050,6490,7110,7560,7620,7900,8410,8740,9010,9230,9730,10180,10740,11340,12090,..
"GNI per capita, PPP (current international $)",NY.GNP.PCAP.PP.CD,Kuwait,KWT,63810,62670,72850,82310,91130,98230,101360,96660,85180,79390,82840,88710,84000,76440,53350,52090,59260,59720,..,..
"GNI per capita, PPP (current international $)",NY.GNP.PCAP.PP.CD,Kyrgyz Republic,KGZ,1910,1930,2090,2230,2300,2460,2730,2910,2980,2890,2950,3530,3810,4100,4050,4440,4800,5090,5070,..
"GNI per capita, PPP (current international $)",NY.GNP.PCAP.PP.CD,Lao PDR,LAO,1870,1990,2070,2270,2510,2670,2970,3170,3440,3580,3870,4550,5000,5610,5890,6550,6870,7410,7960,..
"GNI per capita, PPP (current international $)",NY.GNP.PCAP.PP.CD,Latvia,LVA,9050,10070,10960,11950,13690,15350,17580,19220,18120,17780,19770,21140,22640,23770,24690,26340,28360,30220,31770,..
"GNI per capita, PPP (current international $)",NY.GNP.PCAP.PP.CD,Lebanon,LBN,9110,8750,7670,9300,9860,10350,11870,13010,14010,14760,14580,14750,14880,14870,14910,15240,15940,15890,15260,..
"GNI per capita, PPP (current international $)",NY.GNP.PCAP.PP.CD,Lesotho,LSO,1920,1970,2090,2100,2140,2210,2650,2820,2800,2870,2930,2880,3120,3320,3480,3460,3150,3200,3290,..
"GNI per capita, PPP (current international $)",NY.GNP.PCAP.PP.CD,Liberia,LBR,830,850,580,610,660,740,820,880,910,930,1040,1060,1210,1240,1180,1260,1380,1330,1320,..
"GNI per capita, PPP (current international $)",NY.GNP.PCAP.PP.CD,Libya,LBY,..,17880,20410,20960,23840,26360,28240,29030,28690,29880,11500,23710,19740,14510,12740,11430,13690,15640,16090,..
"GNI per capita, PPP (current international $)",NY.GNP.PCAP.PP.CD,Liechtenstein,LIE,..,..,..,..,..,..,..,..,..,..,..,..,..,..,..,..,..,..,..,..
"GNI per capita, PPP (current international $)",NY.GNP.PCAP.PP.CD,Lithuania,LTU,9320,10380,11770,12780,14330,16170,18380,20040,18500,19920,22150,23870,26090,27820,27780,29790,32560,34680,37010,..
"GNI per capita, PPP (current international $)",NY.GNP.PCAP.PP.CD,Luxembourg,LUX,50290,49690,48960,58650,63000,63440,72690,71610,55770,61800,63530,63710,63840,67290,67590,70450,72750,74400,77570,..
"GNI per capita, PPP (current international $)",NY.GNP.PCAP.PP.CD,"Macao SAR, China",MAC,35680,38470,42010,51480,55420,60730,77400,71760,72610,88440,104120,113650,129400,132020,107640,107330,116080,123290,..,..
"GNI per capita, PPP (current international $)",NY.GNP.PCAP.PP.CD,Madagascar,MDG,1340,1150,1250,1320,1370,1440,1550,1640,1530,1510,1530,1490,1490,1520,1500,1550,1540,1600,1660,..
"GNI per capita, PPP (current international $)",NY.GNP.PCAP.PP.CD,Malawi,MWI,640,640,670,710,740,780,860,910,960,1010,1050,1010,1080,1050,980,1020,1010,1040,1080,..
"GNI per capita, PPP (current international $)",NY.GNP.PCAP.PP.CD,Malaysia,MYS,12030,12720,13600,14650,15730,17040,18390,19110,18810,19860,21190,22140,22690,23790,24130,24840,25900,27180,28680,..
"GNI per capita, PPP (current international $)",NY.GNP.PCAP.PP.CD,Maldives,MDV,7880,8380,9350,9970,8700,11040,10410,11690,10800,11180,12110,12400,13140,14460,15410,16010,16560,17190,17880,..
"GNI per capita, PPP (current international $)",NY.GNP.PCAP.PP.CD,Mali,MLI,1240,1240,1370,1390,1480,1540,1580,1640,1650,1720,1760,1700,1750,1860,1990,2130,2180,2270,2360,..
"GNI per capita, PPP (current international $)",NY.GNP.PCAP.PP.CD,Malta,MLT,19800,20670,20830,21350,21520,22380,24110,25530,24380,26370,27670,28230,29720,32090,34160,35470,37830,39900,41690,..
"GNI per capita, PPP (current international $)",NY.GNP.PCAP.PP.CD,Marshall Islands,MHL,3480,3510,3460,3540,3710,3740,3930,3710,3780,3970,3980,3780,4080,4290,4730,4690,4860,5090,..,..
"GNI per capita, PPP (current international $)",NY.GNP.PCAP.PP.CD,Mauritania,MRT,2940,3100,3280,3420,3700,4210,4140,4120,4100,4040,4120,4140,4350,4130,4080,4610,5000,5130,5350,..
"GNI per capita, PPP (current international $)",NY.GNP.PCAP.PP.CD,Mauritius,MUS,9490,9720,10330,11030,11520,12500,13780,14600,14990,15560,16340,17570,19240,19920,20860,22390,23540,24970,26410,..
"GNI per capita, PPP (current international $)",NY.GNP.PCAP.PP.CD,Mexico,MEX,10920,10990,11280,11910,12390,13600,14050,14710,14310,15080,16260,16830,16870,17630,17830,18810,19300,19870,19810,..
"GNI per capita, PPP (current international $)",NY.GNP.PCAP.PP.CD,"Micronesia, Fed. Sts.",FSM,2660,2710,2800,2830,3010,3120,3190,3160,3340,3380,3530,3550,3540,3470,3980,3940,3970,3640,..,..
"GNI per capita, PPP (current international $)",NY.GNP.PCAP.PP.CD,Moldova,MDA,3570,4020,4470,5040,5600,5960,6180,6840,6250,6860,7390,8050,9170,9590,9790,11200,12320,13280,..,..
"GNI per capita, PPP (current international $)",NY.GNP.PCAP.PP.CD,Monaco,MCO,..,..,..,..,..,..,..,..,..,..,..,..,..,..,..,..,..,..,..,..
"GNI per capita, PPP (current international $)",NY.GNP.PCAP.PP.CD,Mongolia,MNG,3880,4080,4390,4940,5310,5910,6540,7090,6860,6970,8180,9440,9950,10160,9880,9860,9720,10950,11370,..
"GNI per capita, PPP (current international $)",NY.GNP.PCAP.PP.CD,Montenegro,MNE,7110,7500,7760,8240,8410,10620,12590,14020,13060,13550,14580,14100,15160,15570,16700,18240,20030,21480,23070,..
"GNI per capita, PPP (current international $)",NY.GNP.PCAP.PP.CD,Morocco,MAR,3810,3950,4220,4510,4770,5220,5500,5870,6020,6240,6600,6570,6820,6450,6890,6980,7170,7450,7680,..
"GNI per capita, PPP (current international $)",NY.GNP.PCAP.PP.CD,Mozambique,MOZ,510,510,590,630,670,710,780,830,890,930,1010,1030,1080,1130,1270,1330,1250,1290,1300,..
"GNI per capita, PPP (current international $)",NY.GNP.PCAP.PP.CD,Myanmar,MMR,1040,1170,1340,1550,1800,2080,2380,2660,2940,3240,3470,3580,3890,4080,4280,4370,4600,4970,5160,..
"GNI per capita, PPP (current international $)",NY.GNP.PCAP.PP.CD,Namibia,NAM,5320,5670,6140,6710,6790,7420,7650,7880,7800,8060,8590,8970,9680,10340,10560,10170,9870,9850,9750,..
"GNI per capita, PPP (current international $)",NY.GNP.PCAP.PP.CD,Nauru,NRU,..,..,..,..,..,..,4930,5490,6320,7200,8160,8980,11650,13390,14970,14930,14950,15770,17790,..
"GNI per capita, PPP (current international $)",NY.GNP.PCAP.PP.CD,Nepal,NPL,1250,1250,1300,1380,1460,1540,1620,1740,1820,1910,2010,2190,2370,2640,2680,2620,3140,3350,3600,..
"GNI per capita, PPP (current international $)",NY.GNP.PCAP.PP.CD,Netherlands,NLD,33040,34350,34480,35980,37110,41280,43870,45110,44160,45210,47250,48080,49910,49110,50340,51510,55770,58140,59890,..
"GNI per capita, PPP (current international $)",NY.GNP.PCAP.PP.CD,New Caledonia,NCL,..,..,..,..,..,..,..,..,..,..,..,..,..,..,..,..,..,..,..,..
"GNI per capita, PPP (current international $)",NY.GNP.PCAP.PP.CD,New Zealand,NZL,21360,22130,22830,23670,24020,25900,27290,27700,29440,29700,31250,31610,34790,35760,36210,38630,39330,40550,42710,..
"GNI per capita, PPP (current international $)",NY.GNP.PCAP.PP.CD,Nicaragua,NIC,2750,2800,2890,3090,3310,3480,3720,3870,3700,3870,4140,4300,4470,4810,5150,5540,5850,5690,5490,..
"GNI per capita, PPP (current international $)",NY.GNP.PCAP.PP.CD,Niger,NER,810,830,840,840,890,940,960,1010,990,1050,1050,1130,1100,1120,1130,1120,1140,1210,1250,..
"GNI per capita, PPP (current international $)",NY.GNP.PCAP.PP.CD,Nigeria,NGA,2290,2590,2730,2990,3180,3610,3750,3970,4180,4450,4650,4740,4970,5320,5280,5120,5030,5030,5170,..
"GNI per capita, PPP (current international $)",NY.GNP.PCAP.PP.CD,North Macedonia,MKD,5980,6230,6420,7040,7620,8550,8810,10290,10850,11120,11400,11580,12350,13120,13400,14390,14910,15820,17110,..
"GNI per capita, PPP (current international $)",NY.GNP.PCAP.PP.CD,Northern Mariana Islands,MNP,..,..,..,..,..,..,..,..,..,..,..,..,..,..,..,..,..,..,..,..
"GNI per capita, PPP (current international $)",NY.GNP.PCAP.PP.CD,Norway,NOR,37820,38070,38770,42570,48300,54110,55720,61480,55790,58630,62730,65990,67770,68100,63030,61840,65730,70530,69610,..
"GNI per capita, PPP (current international $)",NY.GNP.PCAP.PP.CD,Oman,OMN,36950,35890,35650,36540,36890,36270,41210,42960,43260,44510,40820,42020,40550,36710,30470,28110,27890,27320,28590,..
"GNI per capita, PPP (current international $)",NY.GNP.PCAP.PP.CD,Pakistan,PAK,2680,2770,2980,3190,3420,3650,3830,3890,3970,4040,4170,4230,4320,4480,4640,4680,4820,5110,5210,..
"GNI per capita, PPP (current international $)",NY.GNP.PCAP.PP.CD,Palau,PLW,11930,12380,11830,12490,14020,14350,15500,15060,14330,14740,16020,16540,16390,17300,19470,19640,18770,19500,..,..
"GNI per capita, PPP (current international $)",NY.GNP.PCAP.PP.CD,Panama,PAN,8060,8490,8580,9150,9780,10740,12300,13510,13640,13960,15990,17410,19480,20900,23700,25840,28610,29380,30600,..
"GNI per capita, PPP (current international $)",NY.GNP.PCAP.PP.CD,Papua New Guinea,PNG,1970,1970,1950,2050,2230,2250,2490,2520,2590,2820,2780,3040,3050,3700,4010,4160,4270,4220,4470,..
"GNI per capita, PPP (current international $)",NY.GNP.PCAP.PP.CD,Paraguay,PRY,5890,6040,5850,6260,6530,7180,8020,8680,8580,9520,10130,9590,10640,11010,11040,11550,12200,12710,12730,..
"GNI per capita, PPP (current international $)",NY.GNP.PCAP.PP.CD,Peru,PER,5040,5310,5520,5780,6200,6680,7410,8250,8390,9020,9700,10090,10710,10990,11180,11520,11930,12440,12760,..
"GNI per capita, PPP (current international $)",NY.GNP.PCAP.PP.CD,Philippines,PHL,3890,4010,4200,4500,4800,5090,5460,5730,5880,6260,6500,6990,7390,7760,8010,8560,9020,9650,10200,..
"GNI per capita, PPP (current international $)",NY.GNP.PCAP.PP.CD,Poland,POL,11070,11720,12120,12920,13660,14830,16280,17970,18720,20380,22110,23090,23970,24750,25940,27110,28930,30520,32710,..
"GNI per capita, PPP (current international $)",NY.GNP.PCAP.PP.CD,Portugal,PRT,19200,20050,20620,21190,22420,23950,24970,25770,25600,26410,26340,25810,27560,28150,28870,30840,32310,33490,35600,..
"GNI per capita, PPP (current international $)",NY.GNP.PCAP.PP.CD,Puerto Rico,PRI,15840,16040,16470,18700,19180,19830,20690,20590,20160,20210,20840,21840,22320,22620,22900,23040,22940,23460,24240,..
"GNI per capita, PPP (current international $)",NY.GNP.PCAP.PP.CD,Qatar,QAT,95060,98680,100940,105810,95760,114330,116350,117680,110640,118390,128340,132440,131020,123250,90920,82490,94820,94840,94170,..
"GNI per capita, PPP (current international $)",NY.GNP.PCAP.PP.CD,Romania,ROU,6490,7090,7380,8600,9320,11160,13240,16410,16440,16780,17680,18600,19510,20530,21400,23850,26810,28680,31860,..
"GNI per capita, PPP (current international $)",NY.GNP.PCAP.PP.CD,Russian Federation,RUS,7260,7880,8970,10010,11540,14480,16280,19600,18760,19860,22130,23560,25170,24910,23420,23450,25310,28040,28270,..
"GNI per capita, PPP (current international $)",NY.GNP.PCAP.PP.CD,Rwanda,RWA,670,750,770,830,930,1020,1110,1220,1270,1350,1450,1480,1520,1680,1770,1850,1910,2070,2240,..
"GNI per capita, PPP (current international $)",NY.GNP.PCAP.PP.CD,Samoa,WSM,..,3720,3920,4210,4460,4680,5100,5210,5040,5200,5440,5290,5310,5350,5710,6190,6290,6240,6490,..
"GNI per capita, PPP (current international $)",NY.GNP.PCAP.PP.CD,San Marino,SMR,..,..,..,..,..,..,..,..,..,..,..,..,..,..,..,..,..,..,..,..
"GNI per capita, PPP (current international $)",NY.GNP.PCAP.PP.CD,Sao Tome and Principe,STP,1770,1810,1950,2030,2200,2520,2620,2720,2730,2890,3010,2900,3350,3880,3830,3900,3900,4060,4090,..
"GNI per capita, PPP (current international $)",NY.GNP.PCAP.PP.CD,Saudi Arabia,SAU,39620,37930,41580,44900,47550,49050,50150,52960,50940,52220,56940,58220,56920,56940,49900,46590,48040,49160,49400,..
"GNI per capita, PPP (current international $)",NY.GNP.PCAP.PP.CD,Senegal,SEN,1940,1930,2060,2190,2320,2390,2510,2600,2580,2640,2640,2720,2700,2780,2910,3000,3110,3310,3440,..
"GNI per capita, PPP (current international $)",NY.GNP.PCAP.PP.CD,Serbia,SRB,6490,7200,7590,8410,9070,10070,11010,12300,12350,12530,13450,13480,14060,14100,14230,14870,15450,16670,17960,..
"GNI per capita, PPP (current international $)",NY.GNP.PCAP.PP.CD,Seychelles,SYC,13840,12820,12930,13940,15590,17200,17880,17210,17380,18350,19500,20350,21200,22430,22610,23720,25220,27310,29300,..
"GNI per capita, PPP (current international $)",NY.GNP.PCAP.PP.CD,Sierra Leone,SLE,620,770,820,860,890,930,1070,1150,1180,1150,1190,1450,1740,1750,1570,1420,1590,1580,1670,..
"GNI per capita, PPP (current international $)",NY.GNP.PCAP.PP.CD,Singapore,SGP,42850,44220,47460,51020,55400,62180,66820,65090,62720,74480,77300,78420,78530,81490,81040,83730,87740,90450,92020,..
"GNI per capita, PPP (current international $)",NY.GNP.PCAP.PP.CD,Sint Maarten (Dutch part),SXM,..,..,..,..,..,..,..,..,31440,32950,35840,31810,31760,31580,30970,31260,31340,..,..,..
"GNI per capita, PPP (current international $)",NY.GNP.PCAP.PP.CD,Slovak Republic,SVK,12400,13280,13480,14630,16220,18370,20610,23320,22980,24650,25150,26480,27760,28670,29200,28880,30270,32050,33680,..
"GNI per capita, PPP (current international $)",NY.GNP.PCAP.PP.CD,Slovenia,SVN,18940,20060,20860,22420,23630,25370,26910,28830,27110,27480,28540,28590,29570,30590,30660,33010,35990,38140,40070,..
"GNI per capita, PPP (current international $)",NY.GNP.PCAP.PP.CD,Solomon Islands,SLB,1330,1260,1340,1430,1500,1630,1610,1570,1260,1340,1490,1880,2030,2080,2170,2150,2230,2320,2350,..
"GNI per capita, PPP (current international $)",NY.GNP.PCAP.PP.CD,Somalia,SOM,..,..,..,..,..,..,..,..,..,..,..,..,..,..,..,..,..,..,..,..
"GNI per capita, PPP (current international $)",NY.GNP.PCAP.PP.CD,South Africa,ZAF,7740,8110,8380,8960,9600,10320,10870,11300,11150,11470,11860,11730,12120,12190,12240,12240,12320,12520,12630,..
"GNI per capita, PPP (current international $)",NY.GNP.PCAP.PP.CD,South Sudan,SSD,..,..,..,..,..,..,..,..,..,..,1630,1460,1980,1280,..,..,..,..,..,..
"GNI per capita, PPP (current international $)",NY.GNP.PCAP.PP.CD,Spain,ESP,22640,24100,24810,25880,27230,30120,31640,32340,31510,31240,31310,31470,32220,33400,34900,37370,39570,40570,42300,..
"GNI per capita, PPP (current international $)",NY.GNP.PCAP.PP.CD,Sri Lanka,LKA,4270,4480,4820,5170,5610,6170,6730,7140,7470,8110,8920,10130,10600,11000,11270,11900,12250,12810,13230,..
"GNI per capita, PPP (current international $)",NY.GNP.PCAP.PP.CD,St. Kitts and Nevis,KNA,16110,16490,15780,16950,19220,20000,20580,22070,21160,21250,21940,20850,21770,22180,22240,23420,24090,25040,25920,..
"GNI per capita, PPP (current international $)",NY.GNP.PCAP.PP.CD,St. Lucia,LCA,8030,8230,8600,9290,9450,11120,11360,12000,11810,12080,13090,12770,13180,12920,12390,13410,14140,14680,15140,..
"GNI per capita, PPP (current international $)",NY.GNP.PCAP.PP.CD,St. Martin (French part),MAF,..,..,..,..,..,..,..,..,..,..,..,..,..,..,..,..,..,..,..,..
"GNI per capita, PPP (current international $)",NY.GNP.PCAP.PP.CD,St. Vincent and the Grenadines,VCT,6210,6700,7250,7680,8130,9130,9800,10150,10170,9960,10110,10400,10850,10850,11360,12370,12160,12630,12880,..
"GNI per capita, PPP (current international $)",NY.GNP.PCAP.PP.CD,Sudan,SDN,1850,1950,2060,2130,2290,2370,2760,2860,2960,2950,3430,3950,3990,4670,4970,4340,4200,3950,3990,..
"GNI per capita, PPP (current international $)",NY.GNP.PCAP.PP.CD,Suriname,SUR,7240,8020,8590,9430,10220,10980,11950,12630,12900,13220,13620,15180,16390,17030,16030,13450,14340,15100,15200,..
"GNI per capita, PPP (current international $)",NY.GNP.PCAP.PP.CD,Sweden,SWE,29790,30840,32120,33800,34500,38410,41810,43430,41130,43360,45420,46340,47180,48040,49370,50720,53590,54740,57300,..
"GNI per capita, PPP (current international $)",NY.GNP.PCAP.PP.CD,Switzerland,CHE,38240,38720,40190,41600,43980,48460,50050,49150,52790,56230,56830,59140,61380,62170,65450,66080,67890,70130,72390,..
"GNI per capita, PPP (current international $)",NY.GNP.PCAP.PP.CD,Syrian Arab Republic,SYR,..,..,..,..,..,..,..,..,..,..,..,..,..,..,..,..,..,..,..,..
"GNI per capita, PPP (current international $)",NY.GNP.PCAP.PP.CD,Tajikistan,TJK,1100,1240,1360,1540,1960,2250,2540,2780,2640,2880,3180,3510,3980,4090,3570,3620,3610,3850,4100,..
"GNI per capita, PPP (current international $)",NY.GNP.PCAP.PP.CD,Tanzania,TZA,1230,1320,1390,1490,1600,1730,1830,1920,1980,2050,2190,2070,2160,2210,2300,2420,2470,2570,2700,..
"GNI per capita, PPP (current international $)",NY.GNP.PCAP.PP.CD,Thailand,THA,7430,7890,8500,9190,9800,10610,11470,11800,11760,12640,13190,14190,14420,14680,15010,15840,16640,17620,18520,..
"GNI per capita, PPP (current international $)",NY.GNP.PCAP.PP.CD,Timor-Leste,TLS,1960,2220,1790,2060,2530,3840,5400,8350,6270,7410,9080,8700,7390,6270,5110,4240,4490,4520,4730,..
"GNI per capita, PPP (current international $)",NY.GNP.PCAP.PP.CD,Togo,TGO,960,990,1050,1040,990,1020,1010,1050,1090,1140,1280,1230,1280,1340,1440,1470,1520,1590,1670,..
"GNI per capita, PPP (current international $)",NY.GNP.PCAP.PP.CD,Tonga,TON,3840,4110,4210,4300,4410,4550,4470,4650,4810,5050,5300,5500,5450,5610,5910,6130,6420,6510,..,..
"GNI per capita, PPP (current international $)",NY.GNP.PCAP.PP.CD,Trinidad and Tobago,TTO,14490,15950,18360,20910,22320,25850,27890,29280,27810,29040,27460,27390,28330,27850,27250,25770,26500,26140,26950,..
"GNI per capita, PPP (current international $)",NY.GNP.PCAP.PP.CD,Tunisia,TUN,6030,6160,6540,7060,7390,7980,8580,8980,9330,9680,9590,9790,9780,10070,9890,10060,10270,10640,10800,..
"GNI per capita, PPP (current international $)",NY.GNP.PCAP.PP.CD,Turkey,TUR,8990,9150,9430,10710,11760,13470,14710,15890,15320,17290,19480,20460,22070,23760,25340,26050,27570,27700,27410,..
"GNI per capita, PPP (current international $)",NY.GNP.PCAP.PP.CD,Turkmenistan,TKM,4420,4450,4680,4980,5420,6190,7210,8100,8460,8990,10200,10920,11630,12280,12890,13500,13620,14560,..,..
"GNI per capita, PPP (current international $)",NY.GNP.PCAP.PP.CD,Turks and Caicos Islands,TCA,..,..,..,..,..,..,..,..,..,..,..,..,..,21620,22900,24330,25040,26210,..,..
"GNI per capita, PPP (current international $)",NY.GNP.PCAP.PP.CD,Tuvalu,TUV,4730,5830,4050,4460,4400,4410,5150,5120,5250,4680,4740,4050,5020,4420,5680,5660,5580,6090,6170,..
"GNI per capita, PPP (current international $)",NY.GNP.PCAP.PP.CD,Uganda,UGA,1160,1250,1310,1390,1470,1630,1770,1900,1980,2050,2220,1960,1960,2030,2080,2040,2030,2110,2210,..
"GNI per capita, PPP (current international $)",NY.GNP.PCAP.PP.CD,Ukraine,UKR,4550,4930,5560,6460,6900,7650,8600,8980,7660,8120,8700,9190,10510,10620,10210,11320,12140,12950,13750,..
"GNI per capita, PPP (current international $)",NY.GNP.PCAP.PP.CD,United Arab Emirates,ARE,101460,96350,99190,102360,99230,97720,89930,80690,68870,64860,67710,69160,70460,73740,65220,64340,67670,68780,70240,..
"GNI per capita, PPP (current international $)",NY.GNP.PCAP.PP.CD,United Kingdom,GBR,27960,29440,30650,32300,33110,34800,35430,36320,34770,36390,37310,37910,39160,40420,41550,43100,45430,46240,48040,..
"GNI per capita, PPP (current international $)",NY.GNP.PCAP.PP.CD,United States,USA,37700,38430,39740,42060,44570,47160,48280,48290,46940,48900,50820,53120,54360,56730,58340,58970,61020,63780,65880,..
"GNI per capita, PPP (current international $)",NY.GNP.PCAP.PP.CD,Uruguay,URY,10030,9480,9290,10000,11250,12130,13250,14320,14960,16190,17390,16880,18110,18820,19310,19650,20060,20570,21120,..
"GNI per capita, PPP (current international $)",NY.GNP.PCAP.PP.CD,Uzbekistan,UZB,2570,2690,2840,3120,3410,3710,4310,4790,4970,5140,5510,5730,5970,6250,6450,6530,6650,7120,7400,..
"GNI per capita, PPP (current international $)",NY.GNP.PCAP.PP.CD,Vanuatu,VUT,2130,1950,2010,2080,2170,2420,2540,2840,2790,2790,2820,2750,2940,3020,2960,3000,3080,3230,3310,..
"GNI per capita, PPP (current international $)",NY.GNP.PCAP.PP.CD,"Venezuela, RB",VEN,11980,10750,9960,11830,13450,15140,16930,17760,16900,16530,17080,..,..,..,..,..,..,..,..,..
"GNI per capita, PPP (current international $)",NY.GNP.PCAP.PP.CD,Vietnam,VNM,2280,2430,2620,2880,2910,3160,3420,3650,3450,4050,4330,4840,5130,5470,5790,6300,6620,7220,7750,..
"GNI per capita, PPP (current international $)",NY.GNP.PCAP.PP.CD,Virgin Islands (U.S.),VIR,..,..,..,..,..,..,..,..,..,..,..,..,..,..,..,..,..,..,..,..
"GNI per capita, PPP (current international $)",NY.GNP.PCAP.PP.CD,West Bank and Gaza,PSE,2610,2220,2510,2750,3120,3050,3300,3470,3610,3820,4300,4980,5170,5590,6130,6270,6550,6740,..,..
"GNI per capita, PPP (current international $)",NY.GNP.PCAP.PP.CD,"Yemen, Rep.",YEM,2840,2890,2930,3010,3190,3410,3520,3590,3750,3920,3350,3340,3520,..,..,..,..,..,..,..
"GNI per capita, PPP (current international $)",NY.GNP.PCAP.PP.CD,Zambia,ZMB,1660,1720,1840,1900,2020,2150,2280,2530,2850,2970,3160,3360,3430,3470,3360,3300,3330,3550,3580,..
"GNI per capita, PPP (current international $)",NY.GNP.PCAP.PP.CD,Zimbabwe,ZWE,2270,2110,1780,1710,1650,1620,1580,1290,1330,1610,1800,2070,2310,2360,2410,2560,2760,2990,2730,..
"GNI per capita, PPP (current international $)",NY.GNP.PCAP.PP.CD,Arab World,ARB,10270.4297277539,10154.4556498689,10600.3823013479,11640.6723588821,12300.5604804912,13229.1477996417,13995.9201644533,14718.6049283565,14527.4582760774,14918.2420170079,15391.9782268905,16439.6927916782,16422.0702404999,16169.924991957,14637.888686589,14080.1300317167,14577.6819998047,14885.7881202971,15144.0393235117,..
"GNI per capita, PPP (current international $)",NY.GNP.PCAP.PP.CD,Caribbean small states,CSS,9132.55341653316,9592.94423719841,10324.6804175714,11115.6049712734,11735.7078297708,12941.8228477336,13717.6910081011,14164.9034677989,13591.9141292443,13913.4845551257,13860.3414796086,14079.6959079075,14486.9370074933,14505.7803866254,14487.7701327613,14269.5823660687,14776.4744461121,14984.0503099944,15452.0001267017,..
"GNI per capita, PPP (current international $)",NY.GNP.PCAP.PP.CD,Central Europe and the Baltics,CEB,10629.4261990714,11422.54225377,12014.0489624977,12976.0662362283,13893.2979333832,15343.9977774861,16968.2654238657,18990.2431845809,19118.9557748189,20063.3888374012,21360.4259818452,22246.7082613252,23302.8106850875,24247.8866216672,25220.0053951139,26781.2903351157,28900.6753642133,30710.4630650502,33022.976464194,..
"GNI per capita, PPP (current international $)",NY.GNP.PCAP.PP.CD,Early-demographic dividend,EAR,4179.75795929144,4262.65229201242,4500.22630981644,4833.40677815824,5201.19686196808,5659.0177710733,6096.08523936481,6388.77384435888,6486.40335359222,6881.32495318057,7281.18279051263,7642.07786451824,7877.17001049655,8102.82552594731,8207.37211114035,8468.87629651353,8898.6825190611,9352.5252967713,9676.44918430051,..
"GNI per capita, PPP (current international $)",NY.GNP.PCAP.PP.CD,East Asia & Pacific,EAS,6005.35483279598,6385.56333901892,6809.7177255651,7397.18585701701,8019.83316299356,8843.38338311759,9806.53150218919,10448.9728355423,10794.9770362923,11724.2603802849,12585.1381989855,13456.7166437733,14124.8195995316,14721.5040348016,15107.0798878987,15589.7999960224,16331.1114301305,17355.0554784065,18422.1335733769,..
"GNI per capita, PPP (current international $)",NY.GNP.PCAP.PP.CD,East Asia & Pacific (excluding high income),EAP,3498.64452571401,3805.861987375,4175.89289946137,4630.63868737132,5157.1790545235,5852.69618902261,6691.87103158685,7354.04019411926,7850.27976908704,8643.28914718467,9456.72444029575,10288.5258764441,10828.825656981,11413.5889485958,11701.1674167089,12220.8464462611,12908.8859168942,13935.4823766323,14927.2306664972,..
"GNI per capita, PPP (current international $)",NY.GNP.PCAP.PP.CD,East Asia & Pacific (IDA & IBRD countries),TEA,3536.75271431068,3847.31579948175,4221.37468594367,4681.06457628571,5213.28672572041,5916.24440603466,6764.35688005238,7433.45923005583,7934.80201174871,8736.09235997039,9558.00670181196,10398.4331153705,10944.2186584429,11534.9075455091,11825.2428741083,12350.0517609478,13044.9360271414,14082.0233642929,15083.9735013824,..
"GNI per capita, PPP (current international $)",NY.GNP.PCAP.PP.CD,Euro area,EMU,26416.719669764,27364.5286185359,27821.3881345435,29047.6791162524,30085.5735609498,32592.5905930704,34370.6349162028,35548.8249086573,34916.5798317646,35916.6727591124,37612.3039207191,38040.5274800274,39255.0310949519,40168.2081218234,41125.7041471636,43709.9138567849,45990.8489542906,47562.0898298549,49478.449386765,..
"GNI per capita, PPP (current international $)",NY.GNP.PCAP.PP.CD,Europe & Central Asia,ECS,16645.7457460402,17421.3599705977,18077.1665547089,19227.7865435978,20282.9336741391,22405.0041104544,23923.286083303,25452.3537313433,24878.6981271182,25960.389445661,27473.3119057268,28227.8544882973,29492.5997723211,30223.8553020419,30625.8984196604,32024.6277904022,33854.9183214948,35308.4052023991,36557.0100895782,..
"GNI per capita, PPP (current international $)",NY.GNP.PCAP.PP.CD,Europe & Central Asia (excluding high income),ECA,6423.42687492408,6880.1606157968,7562.68535175408,8486.1828957413,9518.32463427891,11319.7542640285,12627.5318942192,14403.454288238,13867.1772221509,14846.5660154716,16357.9994226686,17358.3473114856,18689.8305304488,19139.0114290896,18779.0828638976,19114.2790592129,20354.1602493238,21702.4280655323,21990.7623545752,..
"GNI per capita, PPP (current international $)",NY.GNP.PCAP.PP.CD,Europe & Central Asia (IDA & IBRD countries),TEC,6885.23581676754,7372.7393440982,8009.72299491481,8939.61079372115,9926.52935785594,11675.3577912967,13038.5632479949,14865.1492143793,14461.6593048808,15454.7290638303,16948.5718370527,17934.3049211032,19200.9006595077,19697.3441319724,19533.534407432,20031.6166025255,21396.3933366931,22780.6575892418,23356.9767556766,..
"GNI per capita, PPP (current international $)",NY.GNP.PCAP.PP.CD,European Union,EUU,23061.4037627803,24005.4807876129,24521.5231410017,25730.3296437095,26738.3683024023,29065.2958030612,30850.8683041648,32254.8790490945,31792.5857440641,32844.8817816679,34462.9022050806,34997.3492678925,36187.2595930074,37121.7664588729,38124.4686141198,40510.3527622598,42797.1599105523,44426.2150638876,46472.5008800324,..
"GNI per capita, PPP (current international $)",NY.GNP.PCAP.PP.CD,Fragile and conflict affected situations,FCS,2755.57244278121,2743.16582855156,2637.80018905629,3028.55690216819,3233.09730193317,3579.55385894416,3829.47438772729,4057.76822839909,4126.49759878416,4277.12763054351,4213.0405387621,4563.96501748449,4701.07711128919,4800.48597223475,4602.10163641286,4522.52922887525,4658.25273438155,4737.60891193129,4860.34582893173,..
"GNI per capita, PPP (current international $)",NY.GNP.PCAP.PP.CD,Heavily indebted poor countries (HIPC),HPC,1191.42138352776,1219.25860119728,1258.20411412365,1327.70421560034,1413.29090681056,1498.317745002,1602.72583761402,1684.86915149875,1728.38036546113,1791.27491213222,1875.57086141657,1915.76896805394,2038.14179831747,2180.64708426796,2295.62708200234,2339.59877852728,2411.34010371104,2495.7462121563,2590.79116497727,..
"GNI per capita, PPP (current international $)",NY.GNP.PCAP.PP.CD,High income,HIC,28515.814658155,29372.4420506841,30352.7037391107,32116.9735506332,33749.4562952433,36089.9375000265,37704.4726356174,38513.4017028732,37592.034028534,39183.7046771654,40936.3071737537,42235.1371299877,43561.5063546697,44830.4041383609,45545.9773342335,46694.8009303178,48708.8101175537,50452.1928908035,52321.803839946,..
"GNI per capita, PPP (current international $)",NY.GNP.PCAP.PP.CD,IBRD only,IBD,4564.57406457532,4797.7726799695,5119.55769309909,5606.90558845441,6121.94250110538,6864.56070931673,7618.17348506148,8238.29962613411,8464.68722736293,9119.24971596736,9809.32379957256,10430.2727065325,10898.1081920984,11263.8525550741,11351.80503211,11732.4097955955,12370.0467698129,13152.6276324568,13795.5018836365,..
"GNI per capita, PPP (current international $)",NY.GNP.PCAP.PP.CD,IDA & IBRD total,IBT,3940.63802358948,4133.74322242461,4397.19325360275,4797.89384117437,5221.27193117161,5826.96512034349,6433.36411134635,6926.23923091354,7106.3821156382,7621.49024700448,8161.03111410979,8642.00160278109,9017.97887020274,9320.49023718481,9395.94723807854,9676.47818284749,10160.0945787102,10762.8389110542,11252.5412692297,..
"GNI per capita, PPP (current international $)",NY.GNP.PCAP.PP.CD,IDA blend,IDB,2397.87291435288,2543.78410956074,2684.38880642827,2889.01702996555,3083.8229342798,3361.58872511355,3545.27266727753,3680.64862441628,3798.41544136574,3961.66829499109,4134.02585935999,4223.33589605042,4382.07100611115,4633.07240115167,4728.40147614359,4726.4527566439,4807.21394452394,4984.61450184608,5111.53008581683,..
"GNI per capita, PPP (current international $)",NY.GNP.PCAP.PP.CD,IDA only,IDX,1334.11729448216,1379.03761301399,1440.05503127252,1533.26949758592,1653.81852258794,1781.50649360732,1926.22013045283,2043.13720166496,2117.79423143714,2217.37034540752,2300.66582544192,2413.59673817006,2580.30378103465,2736.38443617705,2875.94685268744,2968.05993695618,3094.81593773541,3263.3412246658,3432.20598627864,..
"GNI per capita, PPP (current international $)",NY.GNP.PCAP.PP.CD,IDA total,IDA,1696.51983406434,1776.90422869687,1865.24652897047,1996.75949330911,2141.8848309227,2321.49247238294,2478.09851164059,2600.18437343213,2689.72670439606,2811.72494871954,2924.98995018899,3029.095991964,3191.96225251576,3380.76801656346,3502.65440777136,3559.85168064366,3668.3466929295,3837.67697011385,3988.72055559782,..
"GNI per capita, PPP (current international $)",NY.GNP.PCAP.PP.CD,Late-demographic dividend,LTE,4984.36624286118,5341.36048338835,5801.60157959197,6419.98995525212,7092.81522278917,8096.65047539481,9145.37928066774,10076.5049070777,10419.4553354954,11307.682957451,12334.968696525,13218.7697499092,13926.9356290328,14486.4761401331,14487.5946315428,14926.172174508,15776.4680153591,16907.8222806629,17891.327025817,..
"GNI per capita, PPP (current international $)",NY.GNP.PCAP.PP.CD,Latin America & Caribbean,LCN,8602.36811559874,8617.68350427381,8824.83004889208,9435.98341826692,10038.7687796143,10992.5940583064,11818.3758957865,12433.584229064,12226.9096972641,12943.1593412529,13803.5846250959,14098.3109426051,14607.224972416,14928.4616506061,14761.4834946599,14966.4259399189,15591.0557460677,15969.7277104968,16202.0588380882,..
"GNI per capita, PPP (current international $)",NY.GNP.PCAP.PP.CD,Latin America & Caribbean (excluding high income),LAC,8457.53517931554,8461.19586437635,8663.65309657603,9255.55775682872,9847.47636388884,10757.7356236341,11562.8017098194,12189.2944633063,11982.6381827293,12669.3432590103,13487.0638529438,13744.2442778249,14230.0625754048,14536.6279550354,14333.0776774427,14534.6970245205,15147.4781517719,15503.147336737,15712.5113356603,..
"GNI per capita, PPP (current international $)",NY.GNP.PCAP.PP.CD,Latin America & the Caribbean (IDA & IBRD countries),TLA,8585.42055071407,8598.01408374588,8803.3363517092,9404.69241429128,10010.8314216168,10969.4613677195,11798.1381862685,12419.3776285719,12212.943606351,12936.1442565322,13801.5372694623,14094.4361474938,14606.1080142645,14929.1755848731,14756.2717073686,14961.1440702346,15591.4858724325,15970.6457888559,16197.3787018396,..
"GNI per capita, PPP (current international $)",NY.GNP.PCAP.PP.CD,Least developed countries: UN classification,LDC,1214.49147894579,1269.908801993,1328.16091672953,1417.18553872521,1535.4849375351,1662.7422848544,1814.27224181109,1929.36374189119,2011.26496858798,2108.09925028389,2183.52065884466,2289.91815079622,2401.6591529869,2549.2377990341,2627.74039479911,2706.02824079976,2821.6316089724,2954.2227730753,3095.28115464183,..
"GNI per capita, PPP (current international $)",NY.GNP.PCAP.PP.CD,Low & middle income,LMY,3829.69431670535,4017.33858415061,4280.07225903861,4672.54592953205,5090.77370715303,5680.39230315029,6271.46466240323,6746.64679709486,6927.45720502657,7433.01976976606,7958.38520260675,8433.76233459315,8802.83089732508,9100.475206808,9166.22494012897,9435.67418373078,9901.8558762071,10494.9575799298,10966.8854088208,..
"GNI per capita, PPP (current international $)",NY.GNP.PCAP.PP.CD,Low income,LIC,1146.50024732113,1174.63180070414,1213.64376684392,1280.08901970663,1372.9569126291,1462.72644508072,1589.32268201106,1666.0164545804,1720.9078789874,1801.92631242361,1817.39877848321,1841.38382086111,1919.66981682046,2076.88558901005,2176.22712885902,2222.62990206477,2289.8664412403,2358.33194929142,2455.7460725958,..
"GNI per capita, PPP (current international $)",NY.GNP.PCAP.PP.CD,Lower middle income,LMC,2522.59059080153,2634.22329648538,2812.10032172775,3043.90389678719,3281.18458050378,3571.4621298237,3866.77630296693,4037.98303268511,4190.92061607774,4455.14781681954,4695.13779630304,5016.09493048546,5242.55377860288,5415.87751497429,5596.64179739413,5821.92665913977,6098.28237876589,6478.14184638358,6792.88483488962,..
"GNI per capita, PPP (current international $)",NY.GNP.PCAP.PP.CD,Middle East & North Africa,MEA,11648.9019138043,11730.2999941341,12314.2302990024,13417.0099479991,14134.3890940264,15181.0832091249,16168.710064774,16836.2664594258,16655.5251899204,17231.7377400461,17810.1191795779,18411.464314245,18321.2253144112,18034.0439294784,16315.9017029168,15998.7592190468,16600.4451228458,17042.1784342294,17401.5199184911,..
"GNI per capita, PPP (current international $)",NY.GNP.PCAP.PP.CD,Middle East & North Africa (excluding high income),MNA,7422.79485256172,7654.59368524503,7860.93353285133,8554.49057225219,8958.64440169803,9668.23843629154,10431.2425371431,10897.4600481454,11032.2138905393,11465.3247351841,11405.3255259643,11691.8498254845,11574.9838300024,11234.7636320207,10563.0918576101,10531.2496823506,10796.4491967266,..,..,..
"GNI per capita, PPP (current international $)",NY.GNP.PCAP.PP.CD,Middle East & North Africa (IDA & IBRD countries),TMN,7474.94627618248,7714.29572426968,7920.08328143442,8619.16985710853,9024.15414949681,9743.18598409523,10512.6685317797,10983.0533338441,11118.4975008185,11554.8241618663,11489.0081442688,11771.1289683301,11651.027031674,11301.6935798782,10615.2544668969,10581.4752018946,10846.596507726,..,..,..
"GNI per capita, PPP (current international $)",NY.GNP.PCAP.PP.CD,Middle income,MIC,4073.63896497082,4279.30369431384,4566.40440312956,4993.51085308048,5448.04333421922,6090.68484035242,6734.21498688891,7256.13932792252,7458.72549334431,8015.54910152624,8599.36463676188,9129.79496880512,9539.85237768932,9866.64841550286,9943.21040496954,10248.9841300391,10771.8748019491,11437.4748769809,11968.9490411648,..
"GNI per capita, PPP (current international $)",NY.GNP.PCAP.PP.CD,North America,NAC,36888.2452349484,37627.241866488,38943.4121215702,41188.42966494,43688.0971122977,46220.4091041472,47370.2825336497,47458.3302297513,46081.3988192726,47959.3871441488,49834.8736318506,51970.6653376042,53286.9446055208,55561.4772827174,56902.1411271171,57665.2752948035,59715.0961248112,62326.9517242198,64339.1178047149,..
"GNI per capita, PPP (current international $)",NY.GNP.PCAP.PP.CD,Not classified,INX,..,..,..,..,..,..,..,..,..,..,..,..,..,..,..,..,..,..,..,..
"GNI per capita, PPP (current international $)",NY.GNP.PCAP.PP.CD,OECD members,OED,25480.2224408976,26230.2421971924,26968.6720938794,28449.2235203477,29841.4392581571,31915.9189149465,33261.5979372176,33948.2466139712,33136.8096656337,34558.3795487673,36103.2960555259,37224.4942186358,38463.1430200635,39700.0911986671,40755.6066679107,41959.3716480189,43659.0611388626,45130.3022470807,46642.3422213061,..
"GNI per capita, PPP (current international $)",NY.GNP.PCAP.PP.CD,Other small states,OSS,11240.3579507233,11720.8542984918,12298.5190218673,13199.2127528561,13967.707119757,16338.4398435611,18155.076736514,19561.4996334489,19285.4331405122,20592.3379494342,22589.6114410715,24035.6410224772,24541.1677478411,24419.5751789623,21194.0056831673,20635.9384665074,22448.2679817698,22825.9320820966,23199.7305040507,..
"GNI per capita, PPP (current international $)",NY.GNP.PCAP.PP.CD,Pacific island small states,PSS,3968.60872650008,4110.31873778391,4171.43006624731,4419.97197563002,4621.42724587481,4654.33141814227,4782.1239999503,4844.32695414447,4760.6507129693,4816.02958521745,5013.77180658801,5274.91110140469,5659.07849378864,6241.152428782,6751.07246858444,6824.41111892936,7038.82694739669,7250.12626717812,7320.44028607579,..
"GNI per capita, PPP (current international $)",NY.GNP.PCAP.PP.CD,Post-demographic dividend,PST,27979.5177116058,28887.9659229434,29801.5842724317,31476.6005736467,33057.5196295032,35322.1835039024,36836.9159129866,37542.3765980057,36611.636513233,38144.4813365554,39723.26022726,40951.2332118441,42353.5894102161,43634.9913174703,44707.8042939063,46031.7147370908,47986.9803875237,49735.6528130787,51604.3101476883,..
"GNI per capita, PPP (current international $)",NY.GNP.PCAP.PP.CD,Pre-demographic dividend,PRE,1884.86015305688,1949.76632367506,1886.14443908111,2144.82515423125,2247.31290019791,2484.32465857606,2629.29515234385,2801.75956934474,2888.90640705269,3005.26214357682,3115.47210454671,3247.91101005349,3367.76442096361,3490.53615049282,3383.16241226224,3337.14138724941,3416.44808281399,3452.83565901487,3551.89552861389,..
"GNI per capita, PPP (current international $)",NY.GNP.PCAP.PP.CD,Small states,SST,10296.0078982431,10755.0872207648,11337.9463686629,12178.7136327386,12886.8295955075,14871.0335922384,16378.965191283,17524.0886781199,17223.2205009931,18277.1879237485,19780.7088179887,20939.7609728741,21445.025911551,21418.4748155286,19049.1416860047,18609.3907752609,20100.0897149874,20454.7737049308,20844.6183596919,..
"GNI per capita, PPP (current international $)",NY.GNP.PCAP.PP.CD,South Asia,SAS,2164.86557905656,2247.37341145448,2419.83140141285,2627.07866017604,2864.92906289759,3127.18695024661,3400.15412823843,3520.75182303163,3742.54743990045,4003.74737476035,4244.8815461951,4566.90383502936,4748.0872091879,4926.59546167424,5137.80697495363,5413.18336144748,5763.3494680496,6185.80608022283,6525.71358177597,..
"GNI per capita, PPP (current international $)",NY.GNP.PCAP.PP.CD,South Asia (IDA & IBRD),TSA,2164.86557905656,2247.37341145448,2419.83140141285,2627.07866017604,2864.92906289759,3127.18695024661,3400.15412823843,3520.75182303163,3742.54743990045,4003.74737476035,4244.8815461951,4566.90383502936,4748.0872091879,4926.59546167424,5137.80697495363,5413.18336144748,5763.3494680496,6185.80608022283,6525.71358177597,..
"GNI per capita, PPP (current international $)",NY.GNP.PCAP.PP.CD,Sub-Saharan Africa,SSF,1942.54416434654,2045.6768002868,2110.46880824537,2248.03182993229,2400.1244342322,2599.76808537375,2749.48454140443,2865.21738171161,2924.1217504932,3034.81847435678,3154.61052223975,3203.674720885,3368.35763199852,3548.78458794428,3601.27986471279,3592.36539184602,3636.23537577867,3704.61992913212,3796.04952851441,..
"GNI per capita, PPP (current international $)",NY.GNP.PCAP.PP.CD,Sub-Saharan Africa (excluding high income),SSA,1927.89795532907,2031.20317117493,2095.36484114072,2232.22019229171,2383.94933093844,2582.55630473353,2730.84518536832,2846.00397970605,2904.88923038694,3015.29036655038,3134.54788035567,3182.38545524787,3345.48571103839,3525.7266692541,3577.63112320176,3567.29265806413,3610.31495759617,3677.56190933466,3767.95622147462,..
"GNI per capita, PPP (current international $)",NY.GNP.PCAP.PP.CD,Sub-Saharan Africa (IDA & IBRD countries),TSS,1942.54416434654,2045.6768002868,2110.46880824537,2248.03182993229,2400.1244342322,2599.76808537375,2749.48454140443,2865.21738171161,2924.1217504932,3034.81847435678,3154.61052223975,3203.674720885,3368.35763199852,3548.78458794428,3601.27986471279,3592.36539184602,3636.23537577867,3704.61992913212,3796.04952851441,..
"GNI per capita, PPP (current international $)",NY.GNP.PCAP.PP.CD,Upper middle income,UMC,5444.55679332058,5746.27402396136,6144.56680470495,6762.94705918869,7431.92375242796,8417.77124219914,9406.473515859,10281.3969374342,10555.6223872284,11417.5957614885,12359.2739964261,13118.9656210667,13735.7931949433,14241.8639018713,14242.1889912203,14655.77587706,15455.5210012671,16442.6706011219,17231.7352789118,..
"GNI per capita, PPP (current international $)",NY.GNP.PCAP.PP.CD,World,WLD,8242.6427626946,8519.83356348181,8880.42472123827,9485.97174276972,10087.9660516842,10954.9724040379,11695.8108304123,12202.7220533455,12166.0042074932,12825.874971834,13520.5755046373,14097.9082549418,14590.9328427235,15014.5075778689,15152.2801101116,15529.0001030766,16206.1807509812,16938.5043349153,17590.8855333196,..
,,,,,,,,,,,,,,,,,,,,,,,
,,,,,,,,,,,,,,,,,,,,,,,
,,,,,,,,,,,,,,,,,,,,,,,
Data from database: World Development Indicators,,,,,,,,,,,,,,,,,,,,,,,
Last Updated: 10/15/2020,,,,,,,,,,,,,,,,,,,,,,,
